row_index,T_env_measured,T_env_predicted,T_env_error,T_zone_measured,T_zone_predicted,T_zone_error
0,20.28917694091797,20.54748615135723,0.25830921043926125,21.753997802734375,18.41010735570475,-3.343890447029626
1,20.464126586914062,20.464926910563957,0.0008003236498943522,21.725433349609375,21.516249452238224,-0.20918389737115106
2,20.637451171875,20.62599543207134,-0.011455739803661658,21.80615234375,21.747622848173656,-0.05852949557634446
3,20.82010269165039,20.802381563071172,-0.01772112857921826,21.896026611328125,21.840917712854523,-0.0551088984736019
4,20.982738494873047,20.994109305763356,0.011370810890309002,22.004432678222656,21.99407624326947,-0.010356434953187943
5,21.12600326538086,21.138862759707827,0.012859494326967535,22.080944061279297,22.04592602757792,-0.035018033701376794
6,21.252601623535156,21.262738498322676,0.0101368747875199,22.14740753173828,22.114899926698182,-0.03250760504009875
7,21.36591339111328,21.37338140484587,0.007468013732587764,22.206571578979492,22.177030225472656,-0.029541353506836288
8,21.475666046142575,21.474004888952205,-0.0016611571903695221,22.32610321044922,22.38237868032257,0.05627546987335208
9,21.580326080322266,21.582967541882105,0.0026414615598397972,22.383094787597656,22.359011953976967,-0.02408283362068886
10,21.68790626525879,21.680263257734133,-0.007643007524656298,22.43912124633789,22.404379594574465,-0.03474165176342581
11,21.812875747680664,21.791238270498745,-0.021637477181918996,22.565202713012695,22.416057504624224,-0.14914520838847167
12,21.913047790527344,21.95657820321324,0.043530412685896636,22.38417053222656,21.95821294531887,-0.42595758690768903
13,22.03247833251953,22.007803808118155,-0.02467452440137663,22.544321060180664,22.22478221755529,-0.3195388426253736
14,22.141117095947266,22.19688755979245,0.05577046384518525,22.454912185668945,21.99248108855505,-0.4624310971138961
15,22.306442260742188,22.264537613683615,-0.041904647058572664,22.837600708007812,21.825488189236495,-1.0121125187713176
16,22.482162475585938,22.543217099435086,0.061054623849148726,22.983234405517575,22.572281367091687,-0.4109530384258875
17,22.722965240478516,22.704397464355573,-0.018567776122942803,23.31551742553711,22.276210328107886,-1.039307097429223
18,22.95000267028809,23.08965973384698,0.1396570635588894,23.30635452270508,21.798678287787226,-1.5076762349178559
19,23.197978973388672,23.286257301796578,0.08827832840790606,23.461658477783203,21.507998110850107,-1.9536603669330965
20,23.42199325561523,23.626715947896727,0.20472269228149642,23.45014190673828,21.224203231138283,-2.2259386755999984
21,23.64117431640625,23.82788148931132,0.18670717290507,23.485031127929688,20.917376862363078,-2.5676542655666097
22,23.82451629638672,24.088898041871683,0.2643817454849646,23.40323257446289,20.655746447765182,-2.7474861266977086
23,23.985490798950195,24.24172131174174,0.25623051279154296,23.420394897460938,20.76131687921024,-2.659078018250696
24,24.127159118652344,24.41073745554551,0.2835783368931679,23.47542953491211,20.912360483759734,-2.5630690511523753
25,24.201656341552734,24.539129354869356,0.3374730133166217,23.325611114501953,21.30867076379809,-2.0169403507038624
26,24.157306671142575,24.46205164183643,0.3047449706938572,22.988018035888672,22.351155624758153,-0.6368624111305188
27,24.147619247436523,24.14482891923704,-0.0027903281994845486,23.248403549194336,23.080640860742495,-0.16776268845184106
28,24.27307510375977,24.22524285022014,-0.047832253539628056,23.830034255981445,22.417376674809535,-1.41265758117191
29,24.327129364013672,24.579228096682,0.2520987326683297,23.286434173583984,20.60979069561633,-2.676643477967655
30,24.30864715576172,24.507578545161724,0.19893138940000554,23.05235290527344,21.175446735096724,-1.8769061701767171
31,24.22733688354492,24.447246100674064,0.21990921712914613,22.80760955810547,21.540194524549307,-1.267415033556162
32,24.138349533081055,24.247056968108602,0.1087074350275472,22.89807510375977,22.358702044222145,-0.539373059537624
33,24.03046417236328,24.14809363201228,0.11762945964899885,22.80433654785156,22.36748630370418,-0.4368502441473794
34,23.913143157958984,23.978603237957184,0.06546007999819992,22.793882369995117,22.60508595100925,-0.1887964189858664
35,23.768844604492188,23.844317945609877,0.07547334111768933,22.583433151245117,22.99679729830595,0.41336414706083247
36,23.65003967285156,23.652371327356995,0.0023316545054363758,22.704498291015625,22.94220744942679,0.2377091584111639
37,23.51177024841309,23.563880072939437,0.05210982452634738,22.743793487548828,22.91925439219692,0.17546090464809083
38,23.372623443603516,23.39760266462781,0.02497922102429584,22.764144897460938,22.952434014564847,0.18828911710390983
39,23.235427856445312,23.25150029271424,0.01607243626892796,22.793907165527344,22.973927590508538,0.18002042498119408
40,23.138561248779297,23.11745978397969,-0.021101464799606617,23.17395782470703,23.78665315014408,0.6126953254370484
41,23.04837226867676,23.064184522885647,0.015812254208885435,23.15180206298828,23.209332096954917,0.057530033966635585
42,22.949871063232425,22.963381836853838,0.013510773621412397,23.10496711730957,23.136915291237447,0.03194817392787641
43,22.84288787841797,22.856100743780626,0.013212865362657311,23.05274200439453,23.085589870303018,0.03284786590848654
44,22.713394165039062,22.740985316074777,0.027591151035714745,22.7928466796875,22.56438594537685,-0.2284607343106515
45,22.575183868408203,22.581832765766446,0.006648897358243033,22.7138614654541,22.74058740735829,0.0267259419041892
46,22.441272735595703,22.4430549027036,0.001782167107897692,22.64540100097656,22.682303595838132,0.03690259486157288
47,22.31164932250977,22.313592347135852,0.0019430246260832007,22.579570770263672,22.615883439597155,0.03631266933348343
48,22.201351165771484,22.188075785799988,-0.013275379971496193,22.632173538208008,22.81124817620927,0.17907463800126067
49,22.10007095336914,22.100748986735862,0.0006780333667215643,22.58598518371582,22.621517665909458,0.035532482193637804
50,22.00622940063477,22.00373810364921,-0.0024912969855606093,22.53795051574707,22.563729780879157,0.025779265132086948
51,21.918899536132812,21.916752306469935,-0.0021472296628779475,22.493019104003903,22.51669450783179,0.023675403827887465
52,21.839941024780273,21.835622990400868,-0.004318034379405589,22.475664138793945,22.52881325017535,0.05314911138140488
53,21.767192840576172,21.76561926305805,-0.001573577518122704,22.43941116333008,22.46073720404278,0.02132604071269739
54,21.69910049438477,21.69786867197378,-0.0012318224109897358,22.40449905395508,22.42312563875249,0.018626584797409862
55,21.635196685791016,21.634171846021687,-0.001024839769328878,22.37170791625977,22.38915355746298,0.017445641203210016
56,21.583654403686523,21.574261214823416,-0.009393188863107582,22.407564163208008,22.506627924664848,0.09906376145683993
57,21.53956413269043,21.537114699514905,-0.0024494331755242627,22.38772964477539,22.40357065965228,0.015841014876890824
58,21.51167678833008,21.497638700610995,-0.014038087719086434,22.37310791015625,22.374977057205463,0.001869147049212927
59,21.51618194580078,21.485657982356418,-0.030523963444363034,22.440044403076172,22.317292525219724,-0.12275187785644803
60,21.51612091064453,21.546241627492414,0.030120716847882534,22.20350646972656,21.795218272398436,-0.4082881973281225
61,21.555883407592773,21.51558511431721,-0.040298293275562,22.32025146484375,22.01445239855974,-0.30579906628400977
62,21.61440658569336,21.64472119823357,0.030314612540209396,22.26384735107422,21.706127243988362,-0.5577201070858564
63,21.72783851623535,21.713203257807226,-0.014635258428125297,22.589584350585938,21.660567770169447,-0.9290165804164907
64,21.890655517578125,21.91200827766928,0.02135276009115472,22.846101760864254,22.287851491370084,-0.5582502694941702
65,22.09465217590332,22.135602898543716,0.04095072264039601,23.052183151245117,22.06395436262068,-0.9882287886244363
66,22.3096923828125,22.40997576969349,0.1002833868809887,23.16558074951172,21.91644924904545,-1.2491315004662695
67,22.536033630371097,22.640614070249946,0.10458043987884835,23.278865814208984,21.73053903725366,-1.5483267769553244
68,22.757980346679688,22.90315565503395,0.1451753083542613,23.33132553100586,21.59941848695631,-1.7319070440495494
69,22.98236083984375,23.12720006366616,0.14483922382240877,23.385778427124023,21.356311817212905,-2.0294666099111183
70,23.184062957763672,23.384044382020605,0.19998142425693288,23.34315490722656,21.162301263331045,-2.1808536438955137
71,23.380779266357425,23.565414666906886,0.18463540054946037,23.373355865478516,21.021809952874925,-2.3515459126035907
72,23.5697021484375,23.79073424042572,0.2210320919882207,23.493343353271484,21.253497152641522,-2.2398462006299624
73,23.752544403076172,23.9981506759163,0.24560627284012782,23.577789306640625,21.269444828359184,-2.308344478281441
74,23.91674041748047,24.171609540008046,0.25486912252757676,23.613609313964844,21.267348568200095,-2.3462607457647486
75,24.050357818603516,24.312378262866385,0.26202044426286974,23.58539581298828,21.341909130425968,-2.243486682562313
76,24.216209411621097,24.397330315925274,0.18112090430417638,23.883281707763672,21.565283003112295,-2.3179987046513766
77,24.27916145324707,24.59157473608117,0.3124132828341004,23.250144958496097,20.250573778337323,-2.9995711801587746
78,24.26653289794922,24.48533590379593,0.21880300584671275,23.024761199951172,21.16664895708138,-1.8581122428697903
79,24.18541717529297,24.41181573321003,0.22639855791706154,22.72056579589844,21.54366438576806,-1.1769014101303803
80,24.11977195739746,24.181790102313393,0.06201814491593183,22.886335372924805,22.423935034123726,-0.46240033880107845
81,24.04174041748047,24.15688038423293,0.11513996675246219,22.802837371826172,22.366828551087885,-0.4360088207382873
82,23.973194122314453,24.01671685272793,0.04352273041347843,22.84828186035156,22.562794263436807,-0.2854875969147521
83,23.870527267456055,23.96464474412159,0.09411747666553438,22.597366333007812,22.939604693679716,0.34223836067190305
84,23.79289436340332,23.787212222220308,-0.005682141183012135,22.754955291748047,22.944121824144837,0.18916653239678993
85,23.711483001708984,23.751675475080045,0.0401924733710608,22.783889770507812,22.88955038398098,0.10566061347316591
86,23.62699508666992,23.648209381012038,0.02121429434211919,22.815532684326172,22.959086455128443,0.14355377080227072
87,23.542253494262695,23.55618110865834,0.013927614395644383,22.849498748779297,22.980360480219037,0.13086173143974023
88,23.504669189453125,23.471586070825722,-0.03308311862740254,23.34283447265625,24.052391280577293,0.709556807921043
89,23.477996826171875,23.490290172825294,0.012293346653418524,23.35661506652832,23.401364406290906,0.04474933976258555
90,23.44717788696289,23.453713865524065,0.006535978561174716,23.34333038330078,23.355194055164798,0.011863671864016823
91,23.411460876464844,23.41789587054052,0.006434994075675604,23.326295852661133,23.337810530474094,0.011514677812961338
92,23.348487854003903,23.377456493726623,0.028968639722720013,23.038970947265625,22.668096935678577,-0.37087401158704836
93,23.269729614257812,23.27535332094115,0.005623706683337559,22.969234466552734,22.95239642747873,-0.01683803907400261
94,23.19366455078125,23.193372677940424,-0.00029187284082610176,22.94297981262207,22.99554588949982,0.05256607687774917
95,23.12352752685547,23.12232597500353,-0.001201551851938376,22.933029174804688,23.00703303274814,0.07400385794345254
96,23.075485229492188,23.058666016235154,-0.016819213257033283,23.058162689208984,23.275603398465407,0.21744070925642234
97,23.036575317382812,23.035946093899085,-0.0006292234837275146,23.04559898376465,23.066317909862786,0.020718926098137302
98,23.00345230102539,22.9997831692979,-0.0036691317274915036,23.028444290161133,23.037270515258523,0.008826225097390505
99,22.97330665588379,22.97186134994063,-0.0014453059431573934,23.012805938720703,23.020806019142874,0.008000080422171152
100,22.944427490234375,22.944553947524938,0.00012645729056259825,23.02175521850586,23.06206190540999,0.040306686904131084
101,22.915328979492188,22.917885775067372,0.0025567955751846227,23.00850296020508,23.018736012833433,0.010233052628350947
102,22.87919044494629,22.887651452985356,0.008461008039066797,22.99155044555664,23.003582916876006,0.012032471319365357
103,22.83664321899414,22.844797986156063,0.00815476716192265,22.971269607543945,22.984997530748984,0.013727923205038906
104,22.79292106628418,22.796138561444888,0.003217495160708239,23.01329803466797,23.1131672829943,0.09986924832633193
105,22.742412567138672,22.75392921063046,0.011516643491788159,22.99262237548828,23.013556708846373,0.020934333358091806
106,22.69535446166992,22.694471262147427,-0.0008831995224909406,22.971336364746097,22.98040147251132,0.009065107765223956
107,22.665210723876953,22.651448745018136,-0.013761978858816803,23.024255752563477,22.911501535518124,-0.11275421704535304
108,22.62183380126953,22.66289501146314,0.04106121019360742,22.766353607177734,22.369925532031992,-0.3964280751457423
109,22.607460021972656,22.580164742347847,-0.027295279624809154,22.852783203125,22.57140556249734,-0.28137764062766024
110,22.58678436279297,22.643129459790927,0.05634509699795842,22.61956024169922,22.044045065860544,-0.5755151758386745
111,22.61927795410156,22.578277593842373,-0.04100036025918641,22.87150764465332,21.805194501651304,-1.0663131430020165
112,22.660829544067383,22.723098194035313,0.06226864996792969,22.93788146972656,22.577496301390642,-0.3603851683359167
113,22.775413513183594,22.75188405227728,-0.023529460906313915,23.22676467895508,22.283928722525538,-0.9428359564295441
114,22.889881134033203,23.022542710474678,0.1326615764414747,23.199050903320312,21.818349093466715,-1.3807018098535977
115,23.0391902923584,23.120626116067704,0.08143582370930602,23.364133834838867,21.525885336384682,-1.8382484984541847
116,23.184818267822266,23.380802949045453,0.19598468122318735,23.372055053710938,21.196737783108308,-2.17531727060263
117,23.33583641052246,23.528288575784536,0.19245216526207543,23.404685974121097,20.861638495477248,-2.5430474786438495
118,23.467548370361328,23.72797430517155,0.2604259348102218,23.342140197753903,20.587185381546654,-2.754954816207249
119,23.58818244934082,23.84999755169943,0.26181510235861083,23.314332962036133,20.452682247112502,-2.8616507149236305
120,23.69363784790039,23.982058030198605,0.2884201822982142,23.37378692626953,20.753179498465904,-2.620607427803627
121,23.79888153076172,24.08797987411861,0.28909834335689055,23.45941925048828,20.88598824422632,-2.5734310062619628
122,23.89866065979004,24.189179729279648,0.2905190694896085,23.509349822998047,20.912961552490952,-2.596388270507095
123,23.97422981262207,24.27687064931983,0.30264083669775843,23.47589111328125,21.031963413139657,-2.443927700141593
124,24.096725463867188,24.29967079777189,0.20294533390470093,23.87960624694824,21.66592425972427,-2.2136819872239677
125,24.123611450195312,24.447509639990297,0.32389818979498486,23.22667694091797,20.18261413269433,-3.0440628082236394
126,24.070388793945312,24.301994104913533,0.23160531096822012,22.94729232788086,21.004550866801182,-1.9427414610796774
127,23.96246337890625,24.179391410857264,0.21692803195101362,22.684913635253903,21.38859572683285,-1.2963179084210523
128,23.848587036132812,23.959534432582902,0.11094739645009,22.780336380004883,22.337203785483872,-0.4431325945210105
129,23.728740692138672,23.833553981142455,0.10481328900378273,22.732933044433594,22.391123095280225,-0.3418099491533688
130,23.601802825927734,23.669640162355225,0.06783733642749112,22.738035202026367,22.61784965463574,-0.12018554739062637
131,23.452117919921875,23.523342028683327,0.07122410876145224,22.551191329956055,23.00806454631759,0.45687321636153655
132,23.33000373840332,23.333050756898533,0.0030470184952129387,22.67693328857422,22.923374808278403,0.2464415197041845
133,23.18998336791992,23.242258094637005,0.052274726717087105,22.725095748901367,22.91608759056565,0.19099184166428174
134,23.05229949951172,23.0753280148837,0.023028515371979807,22.752700805664062,22.951669243810475,0.1989684381464123
135,22.92127799987793,22.93324789548911,0.011969895611180448,22.790233612060547,22.973619600788535,0.18338598872798784
136,22.82671356201172,22.80983690198166,-0.016876660030057167,23.02570343017578,23.43893349437861,0.4132300642028284
137,22.743732452392575,22.748429356582797,0.004696904190222284,22.9981689453125,23.041348488310838,0.04317954299833815
138,22.661117553710938,22.66523494279067,0.004117389079731026,22.957427978515625,22.982232949144137,0.02480497062851228
139,22.578229904174805,22.582408195286096,0.004178291111291088,22.915895462036133,22.939883842035677,0.02398837999954395
140,22.474498748779297,22.499235270177124,0.024736521397827005,22.668617248535156,22.432218118545453,-0.23639912998970303
141,22.36357879638672,22.36746209753031,0.003883301143591922,22.603050231933594,22.621525088415094,0.018474856481500268
142,22.254474639892575,22.257448856578797,0.002974216686222775,22.547422409057617,22.577692589543897,0.03027018048627994
143,22.14742660522461,22.150452232475757,0.0030256272511479665,22.49329948425293,22.52362222121092,0.03032273695799148
144,22.055728912353516,22.045384802684243,-0.010344109669272683,22.55589485168457,22.730501765690715,0.17460691400614436
145,21.97139358520508,21.97288147821689,0.0014878930118094047,22.51851272583008,22.54957234766263,0.03105962183254718
146,21.891027450561523,21.89122252681405,0.00019507625252757066,22.477811813354492,22.500482051691808,0.02267023833731585
147,21.81403350830078,21.814417422016774,0.0003839137159928896,22.4385986328125,22.460018255371367,0.021419622558866536
148,21.7425479888916,21.740627127278195,-0.0019208616134065437,22.425479888916016,22.47713502323818,0.05165513432216429
149,21.674671173095703,21.675369362474818,0.0006981893791149218,22.39211082458496,22.412633071220483,0.02052224663552238
150,21.607131958007812,21.610007724681783,0.0028757666739700483,22.35818672180176,22.37762070960288,0.01943398780111849
151,21.539871215820312,21.542762407374575,0.002891191554262207,22.324369430541992,22.343679757504894,0.019310326962902025
152,21.47946548461914,21.47576360456345,-0.0037018800556900544,22.3566837310791,22.459540637863174,0.10285690678407278
153,21.419565200805664,21.424514466019815,0.004949265214150955,22.330062866210938,22.352029025995627,0.02196615978468941
154,21.387229919433594,21.362619973974873,-0.024609945458720972,22.31208038330078,22.31191628053218,-0.00016410276860057138
155,21.394859313964844,21.35711900822128,-0.03774030574356502,22.3852481842041,22.24884040506121,-0.1364077791428926
156,21.394994735717773,21.43019492819568,0.03520019247790529,22.145627975463867,21.725262277166696,-0.4203656982971715
157,21.43006134033203,21.395356322027933,-0.034705018304098445,22.24865341186523,21.956014178617327,-0.292639233247904
158,21.459014892578125,21.510943567939695,0.05192867536156953,22.11606216430664,21.6996297916451,-0.4164323726615393
159,21.551467895507812,21.503257160142972,-0.04821073536484022,22.50744247436523,21.68088874683921,-0.8265537275260222
160,21.66212272644043,21.72060966794664,0.058486941506210144,22.63007354736328,22.26153124423841,-0.36854230312487246
161,21.837512969970703,21.817480768511043,-0.020032201459660115,22.969594955444336,22.079212069340006,-0.8903828861043301
162,22.01837730407715,22.145289325080324,0.1269120210031751,23.06452178955078,21.84843356336952,-1.2160882261812596
163,22.244327545166016,22.318606955614353,0.0742794104483373,23.336156845092773,21.581172006083275,-1.7549848390094986
164,22.466453552246097,22.663597873224642,0.19714432097854484,23.377681732177734,21.183482879382943,-2.1941988527947913
165,22.690963745117188,22.881940149217364,0.19097640410017647,23.444278717041016,20.872627083301253,-2.571651633739762
166,22.89055633544922,23.151883979961884,0.2613276445126651,23.392169952392575,20.593017574483547,-2.799152377909028
167,23.071453094482425,23.333648783423133,0.2621956889407073,23.370763778686523,20.462624996541702,-2.908138782144821
168,23.232097625732425,23.518715004686594,0.28661737895416906,23.44890594482422,20.79598806309959,-2.6529178817246297
169,23.3859920501709,23.67602078812521,0.2900287379543123,23.529693603515625,20.89395111876086,-2.635742484754765
170,23.525875091552734,23.81882509495715,0.2929500034044139,23.57146453857422,20.915781663211753,-2.6556828753624657
171,23.633316040039062,23.93888313945738,0.30556709941831883,23.525146484375,21.034426552046146,-2.4907199323288545
172,23.761301040649418,23.985173538230896,0.2238724975814783,23.745887756347656,21.315026564334776,-2.4308611920128804
173,23.791187286376953,24.109782309484956,0.3185950231080028,23.14178466796875,20.221894602248483,-2.919890065720267
174,23.744356155395508,23.974014008901722,0.2296578535062146,22.804019927978516,20.70011414063992,-2.103905787338597
175,23.63500213623047,23.8519753595149,0.21697322328443036,22.52052116394043,21.204570702048425,-1.3159504618920046
176,23.526968002319336,23.628511363965867,0.10154336164653088,22.651966094970703,22.29705134640969,-0.35491474856101135
177,23.42510032653809,23.52032150874596,0.09522118220786879,22.657726287841797,22.40365217532825,-0.25407411251354617
178,23.32948303222656,23.38584875657764,0.05636572435108178,22.704601287841797,22.62859969038645,-0.0760015974553454
179,23.21896743774414,23.282415971573315,0.06344853382917393,22.547374725341797,23.012109868356163,0.4647351430143658
180,23.132469177246097,23.13809529437412,0.005626117128024077,22.687305450439453,22.914940449098406,0.22763499865895298
181,23.026262283325195,23.07881881134131,0.05255652801611532,22.748313903808594,22.920195654479222,0.17188175067062872
182,22.921937942504883,22.943416965727387,0.021479023222504168,22.782724380493164,22.957083891464702,0.1743595109715379
183,22.821550369262695,22.833368539767946,0.011818170505250691,22.82402801513672,22.981509757874846,0.15748174273812765
184,22.745641708374023,22.737640887030384,-0.00800082134363933,22.98677635192871,23.2826450786667,0.29586872673798936
185,22.677873611450195,22.681702256219847,0.0038286447696513903,22.962791442871097,22.996011264183036,0.03321982131193835
186,22.608909606933594,22.61370476559873,0.004795158665135801,22.92892074584961,22.949817468129137,0.020896722279527324
187,22.53843688964844,22.543211378315142,0.00477448866670116,22.893817901611328,22.91450105239694,0.02068315078561156
188,22.44989776611328,22.471282876350624,0.02138511023734324,22.65373992919922,22.41238184032336,-0.24135808887585952
189,22.35861587524414,22.357324028319052,-0.0012918469250884357,22.59730529785156,22.60913001467671,0.011824716825149295
190,22.273178100585938,22.27117365596775,-0.0020044446181870512,22.552881240844727,22.57540745506102,0.022526214216291862
191,22.19346618652344,22.191686231994492,-0.0017799545289491903,22.511863708496097,22.533467803655572,0.021604095159474923
192,22.130495071411133,22.117451834108042,-0.013043237303090649,22.588626861572266,22.7546133381751,0.1659864766028356
193,22.0761661529541,22.075014912003972,-0.0011512409501293064,22.56609535217285,22.588217226081685,0.022121873908833578
194,22.02307891845703,22.024584578882468,0.0015056604254368722,22.53951072692871,22.55489648436529,0.01538575743657944
195,21.970909118652344,21.97248471582081,0.0015755971684647818,22.51317596435547,22.52800670692393,0.014830742568459954
196,21.92201805114746,21.921181444520403,-0.0008366066270575345,22.511775970458984,22.557436083473547,0.04566011301456285
197,21.874706268310547,21.876390483753067,0.001684215442519843,22.489076614379883,22.50414420370992,0.015067589330037379
198,21.82783317565918,21.829657872980615,0.001824697321435309,22.465532302856445,22.47901837354602,0.013486070689573637
199,21.78131103515625,21.7831591333584,0.001848098202149373,22.44211769104004,22.455437947354287,0.013320256314248269
200,21.747554779052734,21.736970320653793,-0.01058445839894162,22.486875534057617,22.58077642460063,0.09390089054301143
201,21.719636917114254,21.71796387210158,-0.001673045012672958,22.475414276123047,22.48694390394909,0.011529627826043054
202,21.70646858215332,21.693135143077644,-0.013333439075676523,22.468427658081055,22.466392331169057,-0.0020353269119972595
203,21.71558380126953,21.694487625476295,-0.02109617579323597,22.518295288085938,22.42922026646647,-0.08907502161946823
204,21.72293472290039,21.742469646212506,0.019534923312114927,22.3349552154541,21.904199550911116,-0.43075566454298553
205,21.759136199951172,21.74119075247887,-0.017945447472300202,22.442445755004883,22.074762844338885,-0.367682910665998
206,21.794755935668945,21.8500663081391,0.05531037247015291,22.335987091064453,21.80009353094228,-0.5358935601221724
207,21.89608383178711,21.862651712293516,-0.03343211949359315,22.723926544189453,21.666373165012523,-1.0575533791769303
208,22.02813720703125,22.091448537857573,0.06331133082632334,22.905065536499023,22.3261601824081,-0.5789053540909244
209,22.20431900024414,22.235941242755597,0.03162224251145673,23.108173370361328,22.117251289454575,-0.9909220809067527
210,22.39643287658691,22.495205039871394,0.09877216328448313,23.195880889892575,21.882776128288274,-1.3131047616043006
211,22.61083984375,22.708384021923933,0.09754417817393346,23.32230758666992,21.631104117081005,-1.6912034695889133
212,22.83203125,22.984162447291457,0.15213119729145674,23.406768798828125,21.37291466146747,-2.033854137360656
213,23.061992645263672,23.236686563138395,0.17469391787472333,23.471031188964844,20.966205561755732,-2.5048256272091116
214,23.265472412109375,23.518346650203732,0.25287423809435694,23.397846221923828,20.68910529089223,-2.708740931031599
215,23.428054809570312,23.697129925358457,0.26907511578814436,23.2803955078125,20.719668125284603,-2.5607273825278973
216,23.569820404052734,23.80604232624318,0.23622192219044535,23.36978530883789,21.247026563162684,-2.122758745675206
217,23.710025787353516,23.946115015187456,0.23608922783393993,23.471744537353516,21.38349704147918,-2.0882474958743344
218,23.85443878173828,24.078751946519287,0.22431316478100527,23.5906925201416,21.328479938749883,-2.2622125813917187
219,23.96712875366211,24.24320178766981,0.2760730340077018,23.544300079345703,21.323084186859894,-2.2212158924858088
220,24.088764190673828,24.29264746779937,0.20388327712554144,23.76074981689453,21.716618214983278,-2.0441316019112534
221,24.116397857666016,24.387604273219058,0.27120641555304204,23.177812576293945,20.56194366545466,-2.6158689108392856
222,24.070892333984375,24.266315669528,0.19542333554362656,22.908702850341797,21.072637613057772,-1.836065237284025
223,23.962657928466797,24.17167396134934,0.20901603288254478,22.655540466308594,21.450661302626436,-1.2048791636821576
224,23.84779357910156,23.951217752056852,0.10342417295529316,22.78644371032715,22.364844823288635,-0.4215988870385132
225,23.70920181274414,23.83681341357373,0.12761160082958867,22.698139190673828,22.41485471871644,-0.28328447195738704
226,23.585559844970703,23.621115974597288,0.03555612962658472,22.815296173095703,22.563213655064327,-0.2520825180313757
227,23.411212921142575,23.544330366411902,0.13311744526932756,22.525970458984375,22.844756331938605,0.3187858729542299
228,23.278831481933594,23.266661801525533,-0.012169680408060657,22.7075252532959,22.822904252482417,0.11537899918651817
229,23.10150909423828,23.20728509640567,0.10577600216738858,22.665977478027344,22.794200572418617,0.12822309439127366
230,22.931453704833984,22.946819512362186,0.015365807528201714,22.697219848632812,22.951762267751672,0.25454241911885944
231,22.769285202026367,22.78262451675084,0.013339314724472473,22.729637145996097,22.992900116228945,0.26326297023284795
232,22.6463623046875,22.62486758342352,-0.021494721263980665,22.940528869628903,23.347819102385774,0.40729023275687126
233,22.53517723083496,22.540616081863845,0.005438851028884528,22.898223876953125,22.948695353263926,0.05047147631080051
234,22.4288330078125,22.429773705135833,0.0009406973233332394,22.844825744628903,22.875450313610067,0.030624568981163947
235,22.32433319091797,22.327476991718047,0.003143800800078367,22.792062759399418,22.821761112294848,0.02969835289542999
236,22.204822540283203,22.22472373915204,0.0199011988688369,22.535917282104492,22.302774056759176,-0.23314322534531584
237,22.081459045410156,22.08270925474229,0.0012502093321344887,22.463520050048828,22.484785412200726,0.02126536215189745
238,21.961009979248047,21.963445203492242,0.0024352242441949556,22.401988983154297,22.435244993179456,0.0332560100251591
239,21.84558486938477,21.8461689869253,0.0005841175405301158,22.34317970275879,22.375257039932567,0.03207733717377792
240,21.744300842285156,21.735539587520442,-0.00876125476471401,22.401124954223633,22.57871557159994,0.17759061737630688
241,21.651254653930664,21.652323386264182,0.0010687323335183407,22.35923957824707,22.39263142436937,0.033391846122299285
242,21.56101417541504,21.562776087595903,0.0017619121808643001,22.313756942749023,22.339513477967984,0.025756535218960153
243,21.473098754882812,21.475000164469705,0.0019014095868925551,22.269237518310547,22.29404235545352,0.024804837142973213
244,21.38974380493164,21.389293196712043,-0.00045060821959808095,22.250316619873047,22.305609456328078,0.055292836455031136
245,21.309131622314453,21.31125950369492,0.002127881380467045,22.21070098876953,22.23509253308713,0.0243915443175986
246,21.23002052307129,21.232338182817625,0.0023176597463354653,22.17079162597656,22.193317330839697,0.02252570486313843
247,21.1541748046875,21.15461319492775,0.0004383902402516071,22.132179260253903,22.15330226298557,0.021123002731666674
248,21.089832305908203,21.081863804675642,-0.00796850123256121,22.161754608154297,22.264702872967025,0.10294826481272779
249,21.03021240234375,21.03109883607148,0.0008864337277287859,22.13456344604492,22.155476339761268,0.020912893716349856
250,20.99620056152344,20.973505552999747,-0.022695008523694327,22.116209030151367,22.116580224838533,0.0003711946871653993
251,21.00234603881836,20.964576341676114,-0.03776969714224521,22.18871307373047,22.05200545553329,-0.13670761819717825
252,21.00287628173828,21.036363350330845,0.033487068592563674,21.94810485839844,21.527782700054537,-0.42032215834390385
253,21.04145622253418,21.00336836635617,-0.03808785617800936,22.057758331298828,21.75664419682749,-0.3011141344713373
254,21.0787296295166,21.127442238953645,0.04871260943704314,21.92483901977539,21.49752526986568,-0.42731374990971105
255,21.187185287475582,21.130971212701223,-0.0562140747743598,22.326435089111328,21.485221059663825,-0.841214029447503
256,21.315933227539062,21.373104161356846,0.057170933817783265,22.45599365234375,22.07197444216207,-0.3840192101816804
257,21.513755798339844,21.48925066322136,-0.024505135118484844,22.798599243164062,21.90484096949985,-0.8937582736642113
258,21.71792221069336,21.841000296161706,0.12307808546834664,22.904071807861328,21.70922018380729,-1.1948516240540386
259,21.97319221496582,22.038014070122838,0.06482185515701744,23.23049545288086,21.587161006808774,-1.6433344460720853
260,22.22970199584961,22.421299101606433,0.19159710575682354,23.327312469482425,21.238212481146277,-2.089099988336148
261,22.49449157714844,22.676302399886907,0.18181082273846627,23.43825912475586,20.928814414630818,-2.5094447101250417
262,22.73489761352539,22.991508880048517,0.2566112665231266,23.403535842895508,20.640051099160523,-2.7634847437349848
263,22.95288848876953,23.210952648863707,0.2580641600941753,23.382549285888672,20.530887304624542,-2.8516619812641295
264,23.14298439025879,23.424106898828782,0.2811225085699931,23.447925567626953,20.940666566356107,-2.507259001270846
265,23.316308975219727,23.592730983084746,0.276422007865019,23.50920867919922,21.132011562692348,-2.3771971165068706
266,23.4771785736084,23.733813036399823,0.25663446279142477,23.57366180419922,21.209085041158726,-2.3645767630404926
267,23.61320686340332,23.880227307548562,0.26702044414524195,23.556812286376953,21.28468994615168,-2.2721223402252733
268,23.75994110107422,23.96930704504146,0.20936594396724217,23.692365646362305,21.315912202036426,-2.376453444325879
269,23.803932189941406,24.103173506938994,0.2992413169975876,23.101905822753903,20.42761310423929,-2.6742927185146144
270,23.78106689453125,23.976732937016937,0.1956660424856871,22.816162109375,20.851027171829244,-1.9651349375457556
271,23.695159912109375,23.90141254131715,0.20625262920777487,22.518505096435547,21.232919905785273,-1.2855851906502735
272,23.620922088623047,23.70229728242129,0.08137519379824454,22.71281623840332,22.298177919948824,-0.4146383184544966
273,23.539527893066406,23.65941845319629,0.11989056012988542,22.67435073852539,22.35186487326577,-0.322485865259619
274,23.470609664916992,23.51469226200686,0.044082597089868614,22.75078392028809,22.606905688359607,-0.1438782319284826
275,23.377460479736328,23.457190695228448,0.07973021549211978,22.559066772460938,22.97969700995877,0.4206302374978321
276,23.31866455078125,23.308022008284485,-0.010642542496764662,22.759910583496097,22.87866350981358,0.1187529263174838
277,23.224777221679688,23.309485098796717,0.08470787711702954,22.7510986328125,22.839273800608353,0.08817516779585333
278,23.130664825439453,23.146781140444688,0.016116315005234583,22.80324935913086,22.95563238063735,0.1523830215064912
279,23.03467559814453,23.05571485601721,0.021039257872679684,22.829870223999023,22.96336839892776,0.13349817492873584
280,22.97384262084961,22.953761586874244,-0.02008103397536587,23.093259811401367,23.51175283731037,0.4184930259090045
281,22.925926208496097,22.928167912166288,0.002241703670190276,23.083740234375,23.11737311977809,0.033632885403090285
282,22.879112243652344,22.880866607679756,0.0017543640274126915,23.06087875366211,23.07524275419354,0.01436400053142961
283,22.83462142944336,22.83452093490821,-0.00010049453515037499,23.0382080078125,23.050571939017296,0.01236393120479562
284,22.769670486450195,22.79220312375475,0.022532637304554015,22.810300827026367,22.56265404108793,-0.2476467859384357
285,22.699867248535156,22.699601572107657,-0.00026567642749952824,22.76501846313477,22.771165506237814,0.006147043103045036
286,22.63008499145508,22.63290922044394,0.002824228988856703,22.729400634765625,22.748708936365237,0.01930830159961161
287,22.56075668334961,22.563551144622508,0.0027944612728987295,22.694486618041992,22.714311650403836,0.019825032361843853
288,22.505321502685547,22.49467583591958,-0.010645666765967121,22.77553367614746,22.94003255942625,0.1644988832787888
289,22.4539737701416,22.457044105182053,0.0030703350404515106,22.7552490234375,22.777535421673065,0.022286398235564775
290,22.40363121032715,22.405264700107946,0.0016334897807972482,22.730121612548828,22.744826445751215,0.014704833202387135
291,22.35396194458008,22.355656188007643,0.0016942434275613039,22.70508575439453,22.719256706882973,0.014170952488441912
292,22.30929374694824,22.306618286370437,-0.0026754605778016582,22.705535888671875,22.749611885511516,0.04407599683964136
293,22.267757415771484,22.267678786753365,-7.862901811961365e-05,22.685474395751953,22.698523889003354,0.013049493251401145
294,22.228071212768555,22.228201504551276,0.00013029178272105923,22.665300369262695,22.676393899676473,0.011093530413777586
295,22.190021514892575,22.190236598129673,0.00021508323709795718,22.645923614501953,22.656509058599987,0.010585444098033747
296,22.162012100219727,22.153746318253155,-0.00826578196657124,22.693986892700195,22.786804736826554,0.0928178441263583
297,22.141286849975582,22.137916893693316,-0.003369956282266884,22.685932159423828,22.695108996083206,0.009176836659378296
298,22.136550903320312,22.121632253651416,-0.014918649668896222,22.682769775390625,22.67833571568637,-0.0044340597042555885
299,22.155479431152344,22.132524760931627,-0.022954670220716622,22.729881286621097,22.649860858158085,-0.08002042846301194
300,22.174230575561523,22.188936723557095,0.014706147995571683,22.563711166381836,22.132153077030082,-0.43155808935175344
301,22.21349334716797,22.205276395597917,-0.008216951570052089,22.63274383544922,22.319272430881494,-0.31347140456772493
302,22.26642608642578,22.293607665637968,0.027181579212186335,22.56321907043457,21.969252413952645,-0.5939666564819248
303,22.377517700195312,22.358092825637534,-0.019424874557778082,22.87148666381836,21.656774918834426,-1.2147117449839335
304,22.5224609375,22.574535015801885,0.05207407830188515,23.025386810302734,22.365535305828807,-0.6598515044739273
305,22.718311309814453,22.746039384623376,0.027728074808923253,23.216537475585938,22.126427471636205,-1.0901100039497322
306,22.917470932006836,23.029291672495305,0.11182074048846857,23.24352645874023,21.850033650551612,-1.3934928081886184
307,23.136056900024418,23.228984335703014,0.09292743567859674,23.351564407348633,21.631153681488982,-1.7204107258596508
308,23.341312408447266,23.51085491600595,0.16954250755868472,23.374061584472656,21.471332000000224,-1.9027295844724321
309,23.55425262451172,23.707176226903076,0.1529236023913576,23.449153900146484,21.146771344854663,-2.302382555291821
310,23.745582580566406,23.977930748652273,0.232348168085867,23.406417846679688,20.81810860904931,-2.5883092376303765
311,23.91539764404297,24.16005469692828,0.24465705288531225,23.370471954345703,20.66751732391716,-2.7029546304285432
312,24.061857223510746,24.328006088566518,0.2661488650557722,23.42654800415039,20.9760191122092,-2.4505288919411896
313,24.20052719116211,24.468072425474617,0.2675452343125073,23.51146125793457,21.098702686472855,-2.4127585714617155
314,24.325090408325195,24.598038219271857,0.2729478109466612,23.557079315185547,21.105177953779215,-2.451901361406332
315,24.415433883666992,24.704561024002953,0.2891271403359603,23.50226593017578,21.229879170772442,-2.2723867594033393
316,24.56133270263672,24.72828294234771,0.16695023971099232,24.000823974609375,22.03473358640639,-1.9660903882029857
317,24.607254028320312,24.917032889747055,0.30977886142674294,23.33385467529297,20.4354447908884,-2.8984098844045683
318,24.58429718017578,24.787326472681173,0.20302929250539137,23.174869537353516,21.464855641871083,-1.710013895482433
319,24.49319648742676,24.719225070345647,0.22602858291888595,22.85989761352539,21.738650972778746,-1.1212466407466444
320,24.42962646484375,24.47279034716507,0.043163882321319846,23.037044525146484,22.425950841522166,-0.6110936836243184
321,24.337909698486328,24.480287739839238,0.14237804135290943,22.855113983154297,22.295567098164497,-0.5595468849897998
322,24.247039794921875,24.291764625992617,0.044724831070741544,22.863012313842773,22.58980156640294,-0.2732107474398333
323,24.1260986328125,24.21004839504001,0.08394976222750827,22.620037078857425,22.959875693287636,0.33983861443021013
324,24.019023895263672,24.028250312462234,0.009226417198561876,22.713685989379883,23.00001799754574,0.28633200816585713
325,23.896623611450195,23.93113360797549,0.034509996525294184,22.76648330688477,22.999495097003088,0.23301179011831863
326,23.781753540039062,23.791103078191107,0.00934953815204409,22.79912757873535,22.996220893152778,0.19709331441742606
327,23.673646926879883,23.68079158086026,0.007144653980375892,22.823884963989254,23.00144902652668,0.1775640625374244
328,23.62976837158203,23.577700155245868,-0.05206821633616343,23.401477813720703,24.232096241517183,0.8306184277964803
329,23.60131072998047,23.61304883560782,0.011738105627351558,23.4185791015625,23.469595434550765,0.051016332988265134
330,23.563217163085938,23.57550271920766,0.012285556121721442,23.402748107910156,23.418219182014305,0.015471074104148386
331,23.515092849731445,23.527047546786076,0.011954697054630259,23.380359649658203,23.396644769741393,0.016285120083189497
332,23.434120178222656,23.469299538075607,0.0351793598529504,23.069854736328125,22.670654686697375,-0.39920004963074973
333,23.332778930664062,23.34254639675311,0.009767466089048327,22.97612762451172,22.94310955815848,-0.03301806635323956
334,23.231182098388672,23.234080956965105,0.0028988585764331276,22.934375762939453,22.991237762393006,0.056861999453552414
335,23.136011123657227,23.135406589623067,-0.0006045340341600536,22.915699005126953,23.006322383773465,0.09062337864651226
