row_index,T_env_start_predicted,T_zone_start_predicted,T_env_measured,T_env_predicted,T_env_error,T_zone_measured,T_zone_predicted,T_zone_error
0,20.0,24.0,20.28917694091797,20.238659178829128,-0.05051776208884107,21.753997802734375,22.621565130201216,0.8675673274668405
1,20.238659178829128,22.621565130201216,20.464126586914062,20.436100023963768,-0.02802656295029493,21.725433349609375,22.14444852580375,0.41901517619437456
2,20.436100023963768,22.14444852580375,20.637451171875,20.615592416776376,-0.02185875509862356,21.80615234375,21.989127852414846,0.18297550866484613
3,20.615592416776376,21.989127852414846,20.82010269165039,20.792563587851927,-0.027539103798464026,21.896026611328125,21.970420137148576,0.07439352582045089
4,20.792563587851927,21.970420137148576,20.982738494873047,20.96181490403613,-0.020923590836915196,22.004432678222656,22.028495891553113,0.024063213330457245
5,20.96181490403613,22.028495891553113,21.12600326538086,21.109150520288644,-0.01685274509221557,22.080944061279297,22.091521021772596,0.010576960493299481
6,21.109150520288644,22.091521021772596,21.252601623535156,21.23818557552426,-0.014416048010897242,22.14740753173828,22.15236495912128,0.004957427382997537
7,21.23818557552426,22.15236495912128,21.36591339111328,21.352711754503904,-0.013201636609377232,22.206571578979492,22.208706816201328,0.0021352372218359505
8,21.352711754503904,22.208706816201328,21.475666046142575,21.463564062250892,-0.012101983891682266,22.32610321044922,22.3040390787098,-0.02206413173941968
9,21.463564062250892,22.3040390787098,21.580326080322266,21.566518838678924,-0.013807241643341683,22.383094787597656,22.371091594563175,-0.01200319303448083
10,21.566518838678924,22.371091594563175,21.68790626525879,21.66803402878001,-0.019872236478779115,22.43912124633789,22.426461927379933,-0.012659318957958021
11,21.66803402878001,22.426461927379933,21.812875747680664,21.785113868941007,-0.027761878739656964,22.565202713012695,22.471736138376027,-0.0934665746366683
12,21.785113868941007,22.471736138376027,21.913047790527344,21.885724870196665,-0.027322920330679068,22.38417053222656,22.402032047599803,0.01786151537324443
13,21.885724870196665,22.402032047599803,22.03247833251953,22.00085334251466,-0.031624990004871734,22.544321060180664,22.386799132293884,-0.15752192788677988
14,22.00085334251466,22.386799132293884,22.141117095947266,22.11941113552208,-0.021705960425187243,22.454912185668945,22.375947130601798,-0.07896505506714746
15,22.11941113552208,22.375947130601798,22.306442260742188,22.249380204381662,-0.057062056360525304,22.837600708007812,22.52101639727048,-0.3165843107373334
16,22.249380204381662,22.52101639727048,22.482162475585938,22.44750886365663,-0.034653611929307715,22.983234405517575,22.705729889461477,-0.2775045160560978
17,22.44750886365663,22.705729889461477,22.722965240478516,22.677434709159463,-0.04553053131905216,23.31551742553711,22.75489370422884,-0.5606237213082679
18,22.677434709159463,22.75489370422884,22.95000267028809,22.931798127367372,-0.01820454292071716,23.30635452270508,22.772572105738035,-0.5337824169670462
19,22.931798127367372,22.772572105738035,23.197978973388672,23.19090914433579,-0.007069829052881005,23.461658477783203,22.69844962565641,-0.7632088521267946
20,23.19090914433579,22.69844962565641,23.42199325561523,23.459600722540337,0.03760746692510608,23.45014190673828,22.658144389260364,-0.7919975174779168
21,23.459600722540337,22.658144389260364,23.64117431640625,23.714328700350716,0.07315438394446616,23.485031127929688,22.557084793290485,-0.9279463346392021
22,23.714328700350716,22.557084793290485,23.82451629638672,23.95574485804449,0.13122856165777108,23.40323257446289,22.46844175030857,-0.9347908241543195
23,23.95574485804449,22.46844175030857,23.985490798950195,24.18202468021325,0.19653388126305416,23.420394897460938,22.44506839047703,-0.9753265069839081
24,24.18202468021325,22.44506839047703,24.127159118652344,24.400460302969297,0.2733011843169528,23.47542953491211,22.504805428871027,-0.9706241060410825
25,24.400460302969297,22.504805428871027,24.201656341552734,24.559726481932636,0.35807014037990115,23.325611114501953,22.668682674104005,-0.6569284403979481
26,24.559726481932636,22.668682674104005,24.157306671142575,24.586752195263692,0.4294455241211175,22.988018035888672,22.95609353857812,-0.031924497310551914
27,24.586752195263692,22.95609353857812,24.147619247436523,24.562751072840374,0.41513182540385074,23.248403549194336,23.139337339045294,-0.10906621014904161
28,24.562751072840374,23.139337339045294,24.27307510375977,24.6290550489919,0.35597994523213217,23.830034255981445,23.142971772323314,-0.6870624836581314
29,24.6290550489919,23.142971772323314,24.327129364013672,24.678880899184428,0.35175153517075586,23.286434173583984,22.83116618910863,-0.45526798447535555
30,24.678880899184428,22.83116618910863,24.30864715576172,24.687708694826146,0.37906153906442697,23.05235290527344,22.65990828264214,-0.3924446226313023
31,24.687708694826146,22.65990828264214,24.22733688354492,24.645919485428696,0.41858260188377727,22.80760955810547,22.610248142793353,-0.19736141531211615
32,24.645919485428696,22.610248142793353,24.138349533081055,24.577429306132863,0.4390797730518088,22.89807510375977,22.728322819449417,-0.16975228431035205
33,24.577429306132863,22.728322819449417,24.03046417236328,24.48173571860292,0.4512715462396386,22.80433654785156,22.806923437222245,0.002586889370686407
34,24.48173571860292,22.806923437222245,23.913143157958984,24.364955997594716,0.45181283963573193,22.793882369995117,22.866846918783207,0.07296454878808944
35,24.364955997594716,22.866846918783207,23.768844604492188,24.24549675418297,0.47665214969078207,22.583433151245117,22.76974304804738,0.18630989680226406
36,24.24549675418297,22.76974304804738,23.65003967285156,24.113835109935568,0.46379543708400917,22.704498291015625,22.87350181469369,0.16900352367806448
37,24.113835109935568,22.87350181469369,23.51177024841309,23.980038215896666,0.4682679674835768,22.743793487548828,22.949506375010756,0.20571288746192806
38,23.980038215896666,22.949506375010756,23.372623443603516,23.83218678207423,0.4595633384707156,22.764144897460938,22.994665547332723,0.2305206498717851
39,23.83218678207423,22.994665547332723,23.235427856445312,23.683934064233778,0.4485062077884656,22.793907165527344,23.021486623724083,0.22757945819673964
40,23.683934064233778,23.021486623724083,23.138561248779297,23.57607433084543,0.4375130820661326,23.17395782470703,23.275643237125127,0.10168541241809592
41,23.57607433084543,23.275643237125127,23.04837226867676,23.461109991549282,0.41273772287252086,23.15180206298828,23.336395711794378,0.1845936488060964
42,23.461109991549282,23.336395711794378,22.949871063232425,23.34096053108387,0.39108946785144383,23.10496711730957,23.324694775602886,0.21972765829331564
43,23.34096053108387,23.324694775602886,22.84288787841797,23.215644135913745,0.37275625749577657,23.05274200439453,23.281434044994484,0.2286920405999524
44,23.215644135913745,23.281434044994484,22.713394165039062,23.064136781618956,0.35074261657989325,22.7928466796875,23.087358665896488,0.2945119862089882
45,23.064136781618956,23.087358665896488,22.575183868408203,22.91132385552726,0.3361399871190578,22.7138614654541,22.963851406921577,0.24998994146747577
46,22.91132385552726,22.963851406921577,22.441272735595703,22.76076986544158,0.3194971298458782,22.64540100097656,22.86610457719051,0.22070357621394976
47,22.76076986544158,22.86610457719051,22.31164932250977,22.614940875046827,0.30329155253705764,22.579570770263672,22.781572700499,0.20200193023532975
48,22.614940875046827,22.781572700499,22.201351165771484,22.488905822183018,0.2875546564115332,22.632173538208008,22.780495308052966,0.1483217698449586
49,22.488905822183018,22.780495308052966,22.10007095336914,22.370594216181182,0.2705232628120413,22.58598518371582,22.743215736854253,0.15723055313843304
50,22.370594216181182,22.743215736854253,22.00622940063477,22.25955550114116,0.25332610050639204,22.53795051574707,22.694513444564514,0.1565629288174435
51,22.25955550114116,22.694513444564514,21.918899536132812,22.156506447917057,0.2376069117842441,22.493019104003903,22.644013515345993,0.15099441134209002
52,22.156506447917057,22.644013515345993,21.839941024780273,22.063348370551303,0.2234073457710295,22.475664138793945,22.610929336614845,0.13526519782089963
53,22.063348370551303,22.610929336614845,21.767192840576172,21.976718244570982,0.20952540399481023,22.43941116333008,22.5711172879619,0.13170612463181897
54,21.976718244570982,22.5711172879619,21.69910049438477,21.895820730728467,0.1967202363436975,22.40449905395508,22.53062617986389,0.12612712590880903
55,21.895820730728467,22.53062617986389,21.635196685791016,21.820039621309363,0.18484293551834696,22.37170791625977,22.49130449266399,0.11959657640421995
56,21.820039621309363,22.49130449266399,21.583654403686523,21.75739986486975,0.17374546118322698,22.407564163208008,22.49756954211297,0.09000537890496219
57,21.75739986486975,22.49756954211297,21.53956413269043,21.70113715667076,0.16157302398033124,22.38772964477539,22.482442689291748,0.09471304451635731
58,21.70113715667076,22.482442689291748,21.51167678833008,21.656418249657968,0.1447414613278859,22.37310791015625,22.46166134801223,0.08855343785597825
59,21.656418249657968,22.46166134801223,21.51618194580078,21.641720897300804,0.12553895150002248,22.440044403076172,22.436792607506526,-0.0032517955696462764
60,21.641720897300804,22.436792607506526,21.51612091064453,21.628268948964998,0.11214803832046627,22.20350646972656,22.30553577990601,0.10202931017945005
61,21.628268948964998,22.30553577990601,21.555883407592773,21.64938068456426,0.0934972769714868,22.32025146484375,22.238647404374834,-0.08160406046891566
62,21.64938068456426,22.238647404374834,21.61440658569336,21.703557314949585,0.08915072925622525,22.26384735107422,22.177938030529425,-0.08590932054479339
63,21.703557314949585,22.177938030529425,21.72783851623535,21.78788330786613,0.060044791630780026,22.589584350585938,22.356403772546955,-0.23318057803898284
64,21.78788330786613,22.356403772546955,21.890655517578125,21.954449601726118,0.06379408414799315,22.846101760864254,22.504506637473256,-0.3415951233909986
65,21.954449601726118,22.504506637473256,22.09465217590332,22.160986206797645,0.06633403089432477,23.052183151245117,22.603101638337648,-0.449081512907469
66,22.160986206797645,22.603101638337648,22.3096923828125,22.39257675906059,0.08288437624808864,23.16558074951172,22.686432813502027,-0.4791479360096922
67,22.39257675906059,22.686432813502027,22.536033630371097,22.63190237052989,0.09586874015879232,23.278865814208984,22.713607391115435,-0.5652584230935496
68,22.63190237052989,22.713607391115435,22.757980346679688,22.876068302392873,0.11808795571318598,23.33132553100586,22.73475475344274,-0.5965707775631195
69,22.876068302392873,22.73475475344274,22.98236083984375,23.1188193448564,0.13645850501265144,23.385778427124023,22.697963823672662,-0.6878146034513613
70,23.1188193448564,22.697963823672662,23.184062957763672,23.35418832449878,0.1701253667351068,23.34315490722656,22.65518725160515,-0.68796765562141
71,23.35418832449878,22.65518725160515,23.380779266357425,23.580384223316067,0.1996049569586411,23.373355865478516,22.589239992861664,-0.7841158726168516
72,23.580384223316067,22.589239992861664,23.5697021484375,23.825135893050813,0.25543374461331325,23.493343353271484,22.65479174607801,-0.8385516071934731
73,23.825135893050813,22.65479174607801,23.752544403076172,24.063505334678336,0.310960931602164,23.577789306640625,22.744008753988613,-0.8337805526520121
74,24.063505334678336,22.744008753988613,23.91674041748047,24.279113042853677,0.362372625373208,23.613609313964844,22.818151278492877,-0.7954580354719667
75,24.279113042853677,22.818151278492877,24.050357818603516,24.461508002612494,0.41115018400897796,23.58539581298828,22.886602725171176,-0.6987930878171049
76,24.461508002612494,22.886602725171176,24.216209411621097,24.62605890812676,0.40984949650566094,23.883281707763672,22.97251848140643,-0.9107632263572434
77,24.62605890812676,22.97251848140643,24.27916145324707,24.693054096795642,0.41389264354857147,23.250144958496097,22.708936013724042,-0.5412089447720554
78,24.693054096795642,22.708936013724042,24.26653289794922,24.70915655852654,0.44262366057732194,23.024761199951172,22.622708288589568,-0.40205291136160426
79,24.70915655852654,22.622708288589568,24.18541717529297,24.658919519407572,0.47350234411460335,22.72056579589844,22.60901686261419,-0.11154893328425075
80,24.658919519407572,22.60901686261419,24.11977195739746,24.595203797182332,0.47543183978487136,22.886335372924805,22.736119015730857,-0.15021635719394766
81,24.595203797182332,22.736119015730857,24.04174041748047,24.52441713371277,0.4826767162323016,22.802837371826172,22.831940383202433,0.029103011376260923
82,24.52441713371277,22.831940383202433,23.973194122314453,24.44471557940054,0.4715214570860873,22.84828186035156,22.891286265957078,0.04300440560551877
83,24.44471557940054,22.891286265957078,23.870527267456055,24.366312917964226,0.49578565050817147,22.597366333007812,22.810628275977262,0.21326194296944934
84,24.366312917964226,22.810628275977262,23.79289436340332,24.2705746238863,0.4776802604829804,22.754955291748047,22.91888658822735,0.16393129647930138
85,24.2705746238863,22.91888658822735,23.711483001708984,24.18152594591064,0.47004294420165493,22.783889770507812,23.00108482131224,0.21719505080442758
86,24.18152594591064,23.00108482131224,23.62699508666992,24.083105718170668,0.45611063150074926,22.815532684326172,23.054802951675303,0.2392702673491307
87,24.083105718170668,23.054802951675303,23.542253494262695,23.982710812729053,0.4404573184663576,22.849498748779297,23.08617755398116,0.23667880520186202
88,23.982710812729053,23.08617755398116,23.504669189453125,23.93330833820708,0.42863914875395537,23.34283447265625,23.41629017797481,0.07345570531855827
89,23.93330833820708,23.41629017797481,23.477996826171875,23.87821612953292,0.4002193033610446,23.35661506652832,23.524420083310577,0.1678050167822569
90,23.87821612953292,23.524420083310577,23.44717788696289,23.820855333781786,0.3736774468188955,23.34333038330078,23.550571923704865,0.20724154040408393
91,23.820855333781786,23.550571923704865,23.411460876464844,23.762472234871385,0.3510113584065415,23.326295852661133,23.54306792132286,0.21677206866172583
92,23.762472234871385,23.54306792132286,23.348487854003903,23.670242917985746,0.3217550639818434,23.038970947265625,23.33057537039015,0.29160442312452517
93,23.670242917985746,23.33057537039015,23.269729614257812,23.5756930410319,0.3059634267740883,22.969234466552734,23.21658447325289,0.24735000670015594
94,23.5756930410319,23.21658447325289,23.19366455078125,23.484688630467236,0.291024079685986,22.94297981262207,23.15329964351119,0.21031983088911943
95,23.484688630467236,23.15329964351119,23.12352752685547,23.400304689580746,0.27677716272527775,22.933029174804688,23.118691991966333,0.18566281716164568
96,23.400304689580746,23.118691991966333,23.075485229492188,23.337403190358703,0.26191796086651564,23.058162689208984,23.177363553443488,0.11920086423450371
97,23.337403190358703,23.177363553443488,23.036575317382812,23.280241371276,0.24366605389318607,23.04559898376465,23.18151062208925,0.1359116383246004
98,23.280241371276,23.18151062208925,23.00345230102539,23.229078967082884,0.2256266660574937,23.028444290161133,23.167454595444042,0.13901030528290903
99,23.229078967082884,23.167454595444042,22.97330665588379,23.18356093610836,0.2102542802245715,23.012805938720703,23.14821624883364,0.13541031011293825
100,23.18356093610836,23.14821624883364,22.944427490234375,23.1428317143515,0.19840422411712666,23.02175521850586,23.143434361101008,0.12167914259514845
101,23.1428317143515,23.143434361101008,22.915328979492188,23.102124954681003,0.18679597518881508,23.00850296020508,23.128056274071835,0.11955331386675283
102,23.102124954681003,23.128056274071835,22.87919044494629,23.05825163649806,0.1790611915517708,22.99155044555664,23.108371390318087,0.11682094476144655
103,23.05825163649806,23.108371390318087,22.83664321899414,23.00865030252609,0.17200708353194827,22.971269607543945,23.08411239379093,0.11284278624698629
104,23.00865030252609,23.08411239379093,22.79292106628418,22.96033270309116,0.1674116368069818,23.01329803466797,23.10004632606319,0.08674829139522089
105,22.96033270309116,23.10004632606319,22.742412567138672,22.90478061918306,0.1623680520443891,22.99262237548828,23.08789331115028,0.09527093566200051
106,22.90478061918306,23.08789331115028,22.69535446166992,22.84760897339734,0.15225451172742055,22.971336364746097,23.063061517213402,0.09172515246730484
107,22.84760897339734,23.063061517213402,22.665210723876953,22.80663657964811,0.14142585577115696,23.024255752563477,23.027722199993715,0.003466447430238162
108,22.80663657964811,23.027722199993715,22.62183380126953,22.755067449554964,0.13323364828543305,22.766353607177734,22.879077217554592,0.11272361037685741
109,22.755067449554964,22.879077217554592,22.607460021972656,22.7279272941772,0.12046727220454301,22.852783203125,22.79098806136819,-0.06179514175681078
110,22.7279272941772,22.79098806136819,22.58678436279297,22.701323331884655,0.11453896909168648,22.61956024169922,22.643044279761078,0.02348403806185928
111,22.701323331884655,22.643044279761078,22.61927795410156,22.68826329074542,0.06898533664386264,22.87150764465332,22.661690485077184,-0.20981715957613645
112,22.68826329074542,22.661690485077184,22.660829544067383,22.748821624521113,0.08799208045373064,22.93788146972656,22.75890714064196,-0.17897432908459976
113,22.748821624521113,22.75890714064196,22.775413513183594,22.84973150869759,0.0743179955139972,23.22676467895508,22.749207943518936,-0.47755673543614563
114,22.84973150869759,22.749207943518936,22.889881134033203,22.988880882242302,0.09899974820909918,23.199050903320312,22.73713012155829,-0.46192078176202145
115,22.988880882242302,22.73713012155829,23.0391902923584,23.14772397315482,0.10853368079642323,23.364133834838867,22.65007950369473,-0.714054331144137
116,23.14772397315482,22.65007950369473,23.184818267822266,23.333860347721476,0.14904207989921048,23.372055053710938,22.601886326927378,-0.7701687267835595
117,23.333860347721476,22.601886326927378,23.33583641052246,23.519898642741015,0.18406223221855456,23.404685974121097,22.502628954391174,-0.9020570197299236
118,23.519898642741015,22.502628954391174,23.467548370361328,23.705188161309955,0.2376397909486272,23.342140197753903,22.414790662011793,-0.9273495357421098
119,23.705188161309955,22.414790662011793,23.58818244934082,23.878702412713352,0.2905199633725317,23.314332962036133,22.334134794925326,-0.9801981671108067
120,23.878702412713352,22.334134794925326,23.69363784790039,24.059718739299782,0.3660808913993918,23.37378692626953,22.397908196361765,-0.975878729907766
121,24.059718739299782,22.397908196361765,23.79888153076172,24.23398699084461,0.43510546008289097,23.45941925048828,22.504668911898563,-0.9547503385897187
122,24.23398699084461,22.504668911898563,23.89866065979004,24.39425868680322,0.49559802701318034,23.509349822998047,22.603017767414894,-0.9063320555831531
123,24.39425868680322,22.603017767414894,23.97422981262207,24.527459234155028,0.5532294215329578,23.47589111328125,22.70602840405063,-0.769862709230619
124,24.527459234155028,22.70602840405063,24.096725463867188,24.654126012120702,0.5574005482535149,23.87960624694824,22.92578460460181,-0.9538216423464299
125,24.654126012120702,22.92578460460181,24.123611450195312,24.676823925183044,0.5532124749877312,23.22667694091797,22.703054035200264,-0.5236229057177049
126,24.676823925183044,22.703054035200264,24.070388793945312,24.64440968043325,0.5740208864879364,22.94729232788086,22.598630586906772,-0.3486617409740873
127,24.64440968043325,22.598630586906772,23.96246337890625,24.55882394901166,0.5963605701054107,22.684913635253903,22.56182892650216,-0.12308470875174393
128,24.55882394901166,22.56182892650216,23.848587036132812,24.45723336898921,0.6086463328563987,22.780336380004883,22.7155994206279,-0.0647369593769831
129,24.45723336898921,22.7155994206279,23.728740692138672,24.337836154472075,0.6090954623334035,22.732933044433594,22.822732498706017,0.08979945427242342
130,24.337836154472075,22.822732498706017,23.601802825927734,24.204113607229413,0.6023107813016786,22.738035202026367,22.906958438824304,0.1689232367979372
131,24.204113607229413,22.906958438824304,23.452117919921875,24.06990783334382,0.6177899134219444,22.551191329956055,22.821810917721443,0.2706195877653883
132,24.06990783334382,22.821810917721443,23.33000373840332,23.926455848909324,0.5964521105060037,22.67693328857422,22.92812048394758,0.25118719537336176
133,23.926455848909324,22.92812048394758,23.18998336791992,23.78292793060593,0.5929445626860108,22.725095748901367,23.00871931611465,0.28362356721328297
134,23.78292793060593,23.00871931611465,23.05229949951172,23.627710821691537,0.5754113221798178,22.752700805664062,23.05705190759591,0.30435110193184656
135,23.627710821691537,23.05705190759591,22.92127799987793,23.476064902946757,0.5547869030688268,22.790233612060547,23.085853120753416,0.29561950869286946
136,23.476064902946757,23.085853120753416,22.82671356201172,23.355437653526536,0.5287240915148175,23.02570343017578,23.24119645879701,0.21549302862122843
137,23.355437653526536,23.24119645879701,22.743732452392575,23.237553317430024,0.49382086503744915,22.9981689453125,23.26314383496646,0.2649748896539599
138,23.237553317430024,23.26314383496646,22.661117553710938,23.123847442863696,0.46272988915275803,22.957427978515625,23.237607359696884,0.2801793811812594
139,23.123847442863696,23.237607359696884,22.578229904174805,23.013255327950038,0.4350254237752331,22.915895462036133,23.193089050965728,0.27719358892959534
140,23.013255327950038,23.193089050965728,22.474498748779297,22.881358011426276,0.4068592626469787,22.668617248535156,23.005040406564557,0.33642315802940104
141,22.881358011426276,23.005040406564557,22.36357879638672,22.750014130242576,0.38643533385585727,22.603050231933594,22.890041222384344,0.28699099045075016
142,22.750014130242576,22.890041222384344,22.254474639892575,22.620712628313036,0.36623798842046185,22.547422409057617,22.802155567744187,0.25473315868656954
143,22.620712628313036,22.802155567744187,22.14742660522461,22.49414979095602,0.3467231857314097,22.49329948425293,22.726739023546983,0.2334395392940536
144,22.49414979095602,22.726739023546983,22.055728912353516,22.384600662980457,0.3288717506269414,22.55589485168457,22.733880762529076,0.1779859108445052
145,22.384600662980457,22.733880762529076,21.97139358520508,22.280326011634717,0.30893242642963514,22.51851272583008,22.703230214178614,0.1847174883485323
146,22.280326011634717,22.703230214178614,21.891027450561523,22.181023021567174,0.289995571005651,22.477811813354492,22.660433320959,0.1826215076045088
147,22.181023021567174,22.660433320959,21.81403350830078,22.08670985628968,0.2726763479888987,22.4385986328125,22.614322213436584,0.17572358062408355
148,22.08670985628968,22.614322213436584,21.7425479888916,21.999558000265175,0.2570100113735734,22.425479888916016,22.584250255448584,0.15877036653256837
149,21.999558000265175,22.584250255448584,21.674671173095703,21.91645048201828,0.24177930892257748,22.39211082458496,22.546200128595757,0.154089304010796
150,21.91645048201828,22.546200128595757,21.607131958007812,21.835831663069847,0.2286997050620343,22.35818672180176,22.506219446639793,0.14803272483803198
151,21.835831663069847,22.506219446639793,21.539871215820312,21.756467478941122,0.2165962631208096,22.324369430541992,22.46542260814379,0.14105317760179759
152,21.756467478941122,22.46542260814379,21.47946548461914,21.685743091228197,0.20627760660905636,22.3566837310791,22.468298442615215,0.11161471153611302
153,21.685743091228197,22.468298442615215,21.419565200805664,21.615402375750264,0.19583717494460018,22.330062866210938,22.447081245599485,0.11701837938854709
154,21.615402375750264,22.447081245599485,21.387229919433594,21.5592098826754,0.17197996324180664,22.31208038330078,22.41786732268908,0.10578693938829886
155,21.5592098826754,22.41786732268908,21.394859313964844,21.542757886472792,0.14789857250794824,22.3852481842041,22.389292471024845,0.004044286820743537
156,21.542757886472792,22.389292471024845,21.394994735717773,21.529806594109356,0.13481185839158272,22.145627975463867,22.25893037016448,0.11330239470061443
157,21.529806594109356,22.25893037016448,21.43006134033203,21.54640829983503,0.116346959502998,22.24865341186523,22.19275243188419,-0.05590097998103971
158,21.54640829983503,22.19275243188419,21.459014892578125,21.575977798229015,0.11696290565089029,22.11606216430664,22.13681511686309,0.0207529525564496
159,21.575977798229015,22.13681511686309,21.551467895507812,21.631659043279754,0.08019114777194147,22.50744247436523,22.29271202165701,-0.21473045270822055
160,21.631659043279754,22.29271202165701,21.66212272644043,21.75544392149373,0.09332119505329928,22.63007354736328,22.44043578642256,-0.1896377609407196
161,21.75544392149373,22.44043578642256,21.837512969970703,21.920184492919326,0.08267152294862257,22.969594955444336,22.497734640546902,-0.47186031489743385
162,21.920184492919326,22.497734640546902,22.01837730407715,22.13053445471069,0.11215715063354281,23.06452178955078,22.59701526730534,-0.46750652224544
163,22.13053445471069,22.59701526730534,22.244327545166016,22.36477716199737,0.12044961683135469,23.336156845092773,22.605013714853275,-0.7311431302394986
164,22.36477716199737,22.605013714853275,22.466453552246097,22.623506732367616,0.15705318012151892,23.377681732177734,22.610127787265853,-0.7675539449118816
165,22.623506732367616,22.610127787265853,22.690963745117188,22.878354249580983,0.1873905044637958,23.444278717041016,22.547013471106,-0.8972652459350172
166,22.878354249580983,22.547013471106,22.89055633544922,23.126874801545018,0.2363184660957991,23.392169952392575,22.47948246215819,-0.9126874902343829
167,23.126874801545018,22.47948246215819,23.071453094482425,23.35658244126343,0.2851293467810052,23.370763778686523,22.40667590010754,-0.964087878578983
168,23.35658244126343,22.40667590010754,23.232097625732425,23.589124247801443,0.3570266220690179,23.44890594482422,22.480653491130997,-0.9682524536932213
169,23.589124247801443,22.480653491130997,23.3859920501709,23.808330939088183,0.42233888891728455,23.529693603515625,22.5836189721144,-0.946074631401224
170,23.808330939088183,22.5836189721144,23.525875091552734,24.006536773717208,0.4806616821644738,23.57146453857422,22.672913848558863,-0.8985506900153553
171,24.006536773717208,22.672913848558863,23.633316040039062,24.17037066908677,0.5370546290477058,23.525146484375,22.765253613593995,-0.7598928707810053
172,24.17037066908677,22.765253613593995,23.761301040649418,24.303402303633952,0.5421012629845343,23.745887756347656,22.869644765598764,-0.8762429907488922
173,24.303402303633952,22.869644765598764,23.791187286376953,24.336756250832394,0.5455689644554411,23.14178466796875,22.648977673235393,-0.4928069947333569
174,24.336756250832394,22.648977673235393,23.744356155395508,24.301242184479232,0.5568860290837243,22.804019927978516,22.463622383622212,-0.3403975443563034
175,24.301242184479232,22.463622383622212,23.63500213623047,24.214562901545392,0.5795607653149233,22.52052116394043,22.40428794238062,-0.11623322155980986
176,24.214562901545392,22.40428794238062,23.526968002319336,24.121287199030853,0.5943191967115169,22.651966094970703,22.584216195713918,-0.06774989925678554
177,24.121287199030853,22.584216195713918,23.42510032653809,24.021117627334807,0.5960173007967171,22.657726287841797,22.73393197173519,0.07620568389339155
178,24.021117627334807,22.73393197173519,23.32948303222656,23.91603096001036,0.5865479277838013,22.704601287841797,22.856550650019347,0.15194936217755028
179,23.91603096001036,22.856550650019347,23.21896743774414,23.818165561050396,0.5991981233062553,22.547374725341797,22.801756965462793,0.25438224012099653
180,23.818165561050396,22.801756965462793,23.132469177246097,23.711147135008197,0.5786779577620997,22.687305450439453,22.927019609528717,0.23971415908926375
181,23.711147135008197,22.927019609528717,23.026262283325195,23.601066794747325,0.5748045114221298,22.748313903808594,23.02204698880112,0.273733084992525
182,23.601066794747325,23.02204698880112,22.921937942504883,23.477543065875743,0.5556051233708601,22.782724380493164,23.079589582920807,0.296865202427643
183,23.477543065875743,23.079589582920807,22.821550369262695,23.355588509384443,0.5340381401217478,22.82402801513672,23.113712395306212,0.2896843801694935
184,23.355588509384443,23.113712395306212,22.745641708374023,23.25327614039719,0.5076344320231669,22.98677635192871,23.222799847769195,0.23602349584048454
185,23.25327614039719,23.222799847769195,22.677873611450195,23.152101151891767,0.47422754044157145,22.962791442871097,23.231578664374034,0.26878722150293655
186,23.152101151891767,23.231578664374034,22.608909606933594,23.053826468099757,0.44491686116616336,22.92892074584961,23.205012696943413,0.2760919510938038
187,23.053826468099757,23.205012696943413,22.53843688964844,22.95700051285527,0.41856362320682905,22.893817901611328,23.163802652695754,0.26998475108442577
188,22.95700051285527,23.163802652695754,22.44989776611328,22.83949884232932,0.3896010762160387,22.65373992919922,22.98082485772684,0.32708492852762205
189,22.83949884232932,22.98082485772684,22.35861587524414,22.72600284672292,0.36738697147877986,22.59730529785156,22.87327745487699,0.2759721570254321
190,22.72600284672292,22.87327745487699,22.273178100585938,22.61863885157493,0.3454607509889911,22.552881240844727,22.795398894713383,0.24251765386865642
191,22.61863885157493,22.795398894713383,22.19346618652344,22.517756291775758,0.3242901052523166,22.511863708496097,22.73211070740657,0.22024699891047206
192,22.517756291775758,22.73211070740657,22.130495071411133,22.436320897089885,0.3058258256787525,22.588626861572266,22.75310969456395,0.1644828329916841
193,22.436320897089885,22.75310969456395,22.0761661529541,22.36147180367907,0.2853056507249683,22.56609535217285,22.737006799776353,0.1709114476035012
194,22.36147180367907,22.737006799776353,22.02307891845703,22.29082180885419,0.2677428903971588,22.53951072692871,22.7091499136383,0.16963918670958833
195,22.29082180885419,22.7091499136383,21.970909118652344,22.22263990326275,0.2517307846104053,22.51317596435547,22.67663920164678,0.1634632372913103
196,22.22263990326275,22.67663920164678,21.92201805114746,22.15931927890235,0.23730122775488738,22.511775970458984,22.658963245285918,0.1471872748269334
197,22.15931927890235,22.658963245285918,21.874706268310547,22.097945859977056,0.22323959166650909,22.489076614379883,22.632218857970436,0.14314224359055316
198,22.097945859977056,22.632218857970436,21.82783317565918,22.038133461484545,0.2103002858253653,22.465532302856445,22.602667764910528,0.13713546205408278
199,22.038133461484545,22.602667764910528,21.78131103515625,21.97963861990855,0.19832758475229895,22.44211769104004,22.57235015993329,0.1302324688932508
200,21.97963861990855,22.57235015993329,21.747554779052734,21.93279429829404,0.185239519241307,22.486875534057617,22.586086620040454,0.09921108598283723
201,21.93279429829404,22.586086620040454,21.719636917114254,21.8918044029016,0.17216748578734453,22.475414276123047,22.57861534592271,0.10320106979966326
202,21.8918044029016,22.57861534592271,21.70646858215332,21.86097736619894,0.15450878404562118,22.468427658081055,22.564794053565286,0.09636639548423176
203,21.86097736619894,22.564794053565286,21.71558380126953,21.852935140616744,0.13735133934721233,22.518295288085938,22.548739405846888,0.030444117760950462
204,21.852935140616744,22.548739405846888,21.72293472290039,21.845481044030986,0.12254632113059571,22.3349552154541,22.41193516357361,0.07697994811950792
205,21.845481044030986,22.41193516357361,21.759136199951172,21.871018148384145,0.11188194843297339,22.442445755004883,22.348378597873456,-0.09406715713142688
206,21.871018148384145,22.348378597873456,21.794755935668945,21.90947993475461,0.11472399908566544,22.335987091064453,22.290269101423622,-0.04571798964083129
207,21.90947993475461,22.290269101423622,21.89608383178711,21.975452206263107,0.07936837447599743,22.723926544189453,22.424620064766113,-0.29930647942333977
208,21.975452206263107,22.424620064766113,22.02813720703125,22.123184363641737,0.09504715661048735,22.905065536499023,22.58804557135745,-0.31701996514157216
209,22.123184363641737,22.58804557135745,22.20431900024414,22.296856365562448,0.09253736531830725,23.108173370361328,22.665549175345934,-0.4426241950153944
210,22.296856365562448,22.665549175345934,22.39643287658691,22.50159701586974,0.10516413928283086,23.195880889892575,22.717058575546556,-0.47882231434601863
211,22.50159701586974,22.717058575546556,22.61083984375,22.72483796831025,0.1139981245602506,23.32230758666992,22.706849156264834,-0.6154584304050843
212,22.72483796831025,22.706849156264834,22.83203125,22.96938955190962,0.13735830190962162,23.406768798828125,22.687778515943883,-0.718990282884242
213,22.96938955190962,22.687778515943883,23.061992645263672,23.22457379091115,0.16258114564747927,23.471031188964844,22.60634472879415,-0.8646864601706952
214,23.22457379091115,22.60634472879415,23.265472412109375,23.474334038876673,0.20886162676729825,23.397846221923828,22.530797936371258,-0.8670482855525705
215,23.474334038876673,22.530797936371258,23.428054809570312,23.687879412262735,0.25982460269242225,23.2803955078125,22.48765412881825,-0.7927413789942506
216,23.687879412262735,22.48765412881825,23.569820404052734,23.889975141969966,0.3201547379172318,23.36978530883789,22.585755012137472,-0.7840302967004185
217,23.889975141969966,22.585755012137472,23.710025787353516,24.08376927273114,0.3737434853776236,23.471744537353516,22.710882856291352,-0.7608616810621633
218,24.08376927273114,22.710882856291352,23.85443878173828,24.270914334598643,0.4164755528603621,23.5906925201416,22.79406443638643,-0.79662808375517
219,24.270914334598643,22.79406443638643,23.96712875366211,24.434685272424925,0.4675565187628159,23.544300079345703,22.877266898141663,-0.6670331812040402
220,24.434685272424925,22.877266898141663,24.088764190673828,24.56069303970103,0.47192884902720067,23.76074981689453,23.005523482112913,-0.7552263347816179
221,24.56069303970103,23.005523482112913,24.116397857666016,24.58123521409375,0.46483735642773283,23.177812576293945,22.769402371368557,-0.4084102049253886
222,24.58123521409375,22.769402371368557,24.070892333984375,24.550034984683876,0.4791426506995009,22.908702850341797,22.596390026707756,-0.31231282363404134
223,24.550034984683876,22.596390026707756,23.962657928466797,24.471008065373983,0.5083501369071861,22.655540466308594,22.5343139792976,-0.12122648701099337
224,24.471008065373983,22.5343139792976,23.84779357910156,24.375847678787505,0.5280540996859457,22.78644371032715,22.671879351651405,-0.114564358675743
225,24.375847678787505,22.671879351651405,23.70920181274414,24.252255810084566,0.5430539973404258,22.698139190673828,22.784036745240908,0.08589755456707948
226,24.252255810084566,22.784036745240908,23.585559844970703,24.120354517415688,0.5347946724449848,22.815296173095703,22.83478112241264,0.01948494931693645
227,24.120354517415688,22.83478112241264,23.411212921142575,23.98485129116027,0.5736383700176937,22.525970458984375,22.751050985922294,0.22508052693791925
228,23.98485129116027,22.751050985922294,23.278831481933594,23.831388743362794,0.5525572614292003,22.7075252532959,22.83735916153389,0.12983390823799112
229,23.831388743362794,22.83735916153389,23.10150909423828,23.671371027873047,0.5698619336347654,22.665977478027344,22.928026279062106,0.26204880103476214
230,23.671371027873047,22.928026279062106,22.931453704833984,23.485146438765497,0.5536927339315127,22.697219848632812,22.97998955782038,0.28276970918756916
231,23.485146438765497,22.97998955782038,22.769285202026367,23.306977032221265,0.5376918301948983,22.729637145996097,23.020922038251136,0.29128489225503884
232,23.306977032221265,23.020922038251136,22.6463623046875,23.157590938038616,0.5112286333511165,22.940528869628903,23.14950041428179,0.20897154465288637
233,23.157590938038616,23.14950041428179,22.53517723083496,23.01411187840182,0.47893464756685944,22.898223876953125,23.154357880956884,0.2561340040037585
234,23.01411187840182,23.154357880956884,22.4288330078125,22.877039583698274,0.4482065758857736,22.844825744628903,23.11470042444643,0.26987467981752644
235,22.877039583698274,23.11470042444643,22.32433319091797,22.746030402539336,0.42169721162136753,22.792062759399418,23.059107165862677,0.2670444064632598
236,22.746030402539336,23.059107165862677,22.204822540283203,22.59750073099862,0.39267819071541865,22.535917282104492,22.861603042659976,0.3256857605554835
237,22.59750073099862,22.861603042659976,22.081459045410156,22.453820984758448,0.3723619393482913,22.463520050048828,22.739980616816048,0.27646056676722
238,22.453820984758448,22.739980616816048,21.961009979248047,22.31421239682763,0.3532024175795847,22.401988983154297,22.646976999890764,0.24498801673646753
239,22.31421239682763,22.646976999890764,21.84558486938477,22.17926746681944,0.3336825974346702,22.34317970275879,22.567040691525026,0.22386098876623706
240,22.17926746681944,22.567040691525026,21.744300842285156,22.062029232672682,0.31772839038752565,22.401124954223633,22.570816210826628,0.1696912566029951
241,22.062029232672682,22.570816210826628,21.651254653930664,21.94986257871096,0.2986079247802955,22.35923957824707,22.53625817888739,0.17701860064032005
242,21.94986257871096,22.53625817888739,21.56101417541504,21.842404255584757,0.281390080169718,22.313756942749023,22.489804127508812,0.17604718475978842
243,21.842404255584757,22.489804127508812,21.473098754882812,21.73878541789519,0.265686663012378,22.269237518310547,22.439412836783784,0.17017531847323752
244,21.73878541789519,22.439412836783784,21.38974380493164,21.641277066556842,0.25153326162520173,22.250316619873047,22.4044991015234,0.1541824816503521
245,21.641277066556842,22.4044991015234,21.309131622314453,21.546853413505023,0.23772179119056958,22.21070098876953,22.36109754811913,0.1503965593495984
246,21.546853413505023,22.36109754811913,21.23002052307129,21.45502642409002,0.2250059010187293,22.17079162597656,22.31541601506278,0.14462438908622133
247,21.45502642409002,22.31541601506278,21.1541748046875,21.366444100401125,0.21226929571362518,22.132179260253903,22.26956139961134,0.13738213935743815
248,21.366444100401125,22.26956139961134,21.089832305908203,21.29020804388214,0.20037573797393549,22.161754608154297,22.268918451524527,0.10716384337023044
249,21.29020804388214,22.268918451524527,21.03021240234375,21.21864274566749,0.1884303433237413,22.13456344604492,22.246419159199768,0.11185571315484921
250,21.21864274566749,22.246419159199768,20.99620056152344,21.16221914693189,0.16601858540844816,22.116209030151367,22.217576122502685,0.10136709235131747
251,21.16221914693189,22.217576122502685,21.00234603881836,21.14471549480429,0.1423694559859321,22.18871307373047,22.188506327603527,-0.00020674612694193684
252,21.14471549480429,22.188506327603527,21.00287628173828,21.131645348562635,0.12876906682435418,21.94810485839844,22.057953955270033,0.10984909687159217
253,21.131645348562635,22.057953955270033,21.04145622253418,21.150905445957076,0.10944922342289587,22.057758331298828,21.991670795589723,-0.06608753570910508
254,21.150905445957076,21.991670795589723,21.0787296295166,21.187044474875186,0.10831484535858493,21.92483901977539,21.93855441593706,0.01371539616166828
255,21.187044474875186,21.93855441593706,21.187185287475582,21.255304149474075,0.06811886199849226,22.326435089111328,22.098838509616648,-0.22759657949467993
256,21.255304149474075,22.098838509616648,21.315933227539062,21.39650537949338,0.08057215195431766,22.45599365234375,22.255173126582495,-0.2008205257612552
257,21.39650537949338,22.255173126582495,21.513755798339844,21.581102676007113,0.06734687766726921,22.798599243164062,22.32305939145628,-0.4755398517077829
258,21.581102676007113,22.32305939145628,21.71792221069336,21.81382316741933,0.09590095672596988,22.904071807861328,22.43783350709131,-0.46623830077001926
259,21.81382316741933,22.43783350709131,21.97319221496582,22.07923073918867,0.10603852422284987,23.23049545288086,22.498079428531412,-0.7324160243494475
260,22.07923073918867,22.498079428531412,22.22970199584961,22.374085244808576,0.1443832489589667,23.327312469482425,22.559188599503443,-0.7681238699789823
261,22.374085244808576,22.559188599503443,22.49449157714844,22.666930785647704,0.17243920849926297,23.43825912475586,22.538119930379384,-0.9001391943764752
262,22.666930785647704,22.538119930379384,22.73489761352539,22.953641614170767,0.21874400064537625,23.403535842895508,22.499432030201067,-0.9041038126944407
263,22.953641614170767,22.499432030201067,22.95288848876953,23.21757185038573,0.2646833616161999,23.382549285888672,22.44765457346162,-0.9348947124270524
264,23.21757185038573,22.44765457346162,23.14298439025879,23.476710001137278,0.3337256108784885,23.447925567626953,22.54768729809168,-0.9002382695352722
265,23.476710001137278,22.54768729809168,23.316308975219727,23.71081839734492,0.3945094221251928,23.50920867919922,22.676879293424058,-0.8323293857751608
266,23.71081839734492,22.676879293424058,23.4771785736084,23.91982818595304,0.44264961234464195,23.57366180419922,22.780096008575313,-0.7935657956239055
267,23.91982818595304,22.780096008575313,23.61320686340332,24.101165263694895,0.4879584002915749,23.556812286376953,22.87201446129005,-0.6847978250869033
268,24.101165263694895,22.87201446129005,23.75994110107422,24.24702899560771,0.48708789453349155,23.692365646362305,22.913053154260105,-0.7793124921021999
269,24.24702899560771,22.913053154260105,23.803932189941406,24.294928458318378,0.4909962683769713,23.101905822753903,22.69436154239335,-0.407544280360554
270,24.294928458318378,22.69436154239335,23.78106689453125,24.27685801065599,0.4957911161247388,22.816162109375,22.49765461679345,-0.3185074925815492
271,24.27685801065599,22.49765461679345,23.695159912109375,24.21265971545148,0.5174998033421048,22.518505096435547,22.417757426024945,-0.10074767041060184
272,24.21265971545148,22.417757426024945,23.620922088623047,24.151849449617853,0.5309273609948058,22.71281623840332,22.578955262319543,-0.13386097608377767
273,24.151849449617853,22.578955262319543,23.539527893066406,24.08167907434187,0.5421511812754645,22.67435073852539,22.729937719131552,0.05558698060616152
274,24.08167907434187,22.729937719131552,23.470609664916992,24.001603893649435,0.5309942287324425,22.75078392028809,22.843636306123532,0.09285238583544242
275,24.001603893649435,22.843636306123532,23.377460479736328,23.927397197693384,0.5499367179570562,22.559066772460938,22.79414147241656,0.23507469995562147
276,23.927397197693384,22.79414147241656,23.31866455078125,23.84617686111273,0.5275123103314812,22.759910583496097,22.907995619494518,0.14808503599842027
277,23.84617686111273,22.907995619494518,23.224777221679688,23.758295947903466,0.5335187262237788,22.7510986328125,23.009328720100783,0.25823008728828256
278,23.758295947903466,23.009328720100783,23.130664825439453,23.64607494721269,0.5154101217732361,22.80324935913086,23.0636723166831,0.2604229575522403
279,23.64607494721269,23.0636723166831,23.03467559814453,23.53357409657532,0.4988984984307905,22.829870223999023,23.098823709337115,0.26895348533809127
280,23.53357409657532,23.098823709337115,22.97384262084961,23.448993341538213,0.4751507206886032,23.093259811401367,23.274578919988,0.18131910858663147
281,23.448993341538213,23.274578919988,22.925926208496097,23.36760511860783,0.4416789101117331,23.083740234375,23.315581525948517,0.23184129157351663
282,23.36760511860783,23.315581525948517,22.879112243652344,23.291021414685456,0.41190917103311264,23.06087875366211,23.309076413053056,0.2481976593909465
283,23.291021414685456,23.309076413053056,22.83462142944336,23.21909516167626,0.3844737322329017,23.0382080078125,23.283848701585445,0.24564069377294473
284,23.21909516167626,23.283848701585445,22.769670486450195,23.12718956915784,0.3575190827076433,22.810300827026367,23.116122059557608,0.3058212325312404
285,23.12718956915784,23.116122059557608,22.699867248535156,23.037116764889873,0.3372495163547171,22.76501846313477,23.02165608815577,0.25663762502099985
286,23.037116764889873,23.02165608815577,22.63008499145508,22.949189695347886,0.31910470389280476,22.729400634765625,22.955133751304437,0.22573311653881234
287,22.949189695347886,22.955133751304437,22.56075668334961,22.86227637943417,0.3015196960845614,22.694486618041992,22.900139888074797,0.20565327003280487
288,22.86227637943417,22.900139888074797,22.505321502685547,22.790801383838744,0.2854798811531971,22.77553367614746,22.926862280491868,0.15132860434440687
289,22.790801383838744,22.926862280491868,22.4539737701416,22.722178401646183,0.26820463150458096,22.7552490234375,22.914916487722408,0.15966746428490808
290,22.722178401646183,22.914916487722408,22.40363121032715,22.655408479351284,0.2517772690241351,22.730121612548828,22.8891808830685,0.1590592705196734
291,22.655408479351284,22.8891808830685,22.35396194458008,22.5907834383316,0.23682149375151695,22.70508575439453,22.858641996641605,0.15355624224707398
292,22.5907834383316,22.858641996641605,22.30929374694824,22.531709016713293,0.22241526976505455,22.705535888671875,22.842903297620296,0.13736740894842114
293,22.531709016713293,22.842903297620296,22.267757415771484,22.476118108197518,0.20836069242603372,22.685474395751953,22.818905071914592,0.13343067616263937
294,22.476118108197518,22.818905071914592,22.228071212768555,22.423488309328704,0.19541709656014916,22.665300369262695,22.792825308974102,0.12752493971140666
295,22.423488309328704,22.792825308974102,22.190021514892575,22.373451507074357,0.18342999218178235,22.645923614501953,22.76663408927459,0.12071047477263619
296,22.373451507074357,22.76663408927459,22.162012100219727,22.334258406246896,0.17224630602716928,22.693986892700195,22.784861581793113,0.0908746890929173
297,22.334258406246896,22.784861581793113,22.141286849975582,22.3003343638147,0.1590475138391163,22.685932159423828,22.780747467018237,0.09481530759440915
298,22.3003343638147,22.780747467018237,22.136550903320312,22.277816358616068,0.14126545529575552,22.682769775390625,22.770987144899678,0.0882173695090529
299,22.277816358616068,22.770987144899678,22.155479431152344,22.278779557139956,0.12330012598761186,22.729881286621097,22.760629403909896,0.030748117288798227
300,22.278779557139956,22.760629403909896,22.174230575561523,22.282253584977546,0.10802300941602283,22.563711166381836,22.627426958810478,0.063715792428642
301,22.282253584977546,22.627426958810478,22.21349334716797,22.313074784693637,0.09958143752566784,22.63274383544922,22.57513856213491,-0.05760527331430865
302,22.313074784693637,22.57513856213491,22.26642608642578,22.35820182324429,0.09177573681850859,22.56321907043457,22.4851609367302,-0.07805813370437065
303,22.35820182324429,22.4851609367302,22.377517700195312,22.431359239145028,0.05384153894971533,22.87148666381836,22.57066641128639,-0.3008202525319703
304,22.431359239145028,22.57066641128639,22.5224609375,22.587336282907827,0.06487534540782747,23.025386810302734,22.69783712477507,-0.3275496855276643
305,22.587336282907827,22.69783712477507,22.718311309814453,22.77709269891669,0.0587813891022364,23.216537475585938,22.74701548873541,-0.46952198685052693
306,22.77709269891669,22.74701548873541,22.917470932006836,22.990743716957333,0.07327278495049683,23.24352645874023,22.769265611433433,-0.4742608473067982
307,22.990743716957333,22.769265611433433,23.136056900024418,23.216883001602508,0.08082610157809,23.351564407348633,22.73264323799365,-0.6189211693549836
308,23.216883001602508,22.73264323799365,23.341312408447266,23.453048298009865,0.11173588956259906,23.374061584472656,22.72220436886946,-0.6518572156031972
309,23.453048298009865,22.72220436886946,23.55425262451172,23.688304954572835,0.13405233006111672,23.449153900146484,22.640395349139276,-0.8087585510072088
310,23.688304954572835,22.640395349139276,23.745582580566406,23.924037641625134,0.17845506105872744,23.406417846679688,22.554957985908956,-0.8514598607707313
311,23.924037641625134,22.554957985908956,23.91539764404297,24.141408236240675,0.22601059219770647,23.370471954345703,22.471851214070853,-0.8986207402748505
312,24.141408236240675,22.471851214070853,24.061857223510746,24.357465269596823,0.2956080460860768,23.42654800415039,22.527386314168588,-0.8991616899818027
313,24.357465269596823,22.527386314168588,24.20052719116211,24.56064700966742,0.3601198185053107,23.51146125793457,22.621561949829083,-0.8898993081054876
314,24.56064700966742,22.621561949829083,24.325090408325195,24.74340462638685,0.41831421806165636,23.557079315185547,22.704211415260946,-0.8528678999246004
315,24.74340462638685,22.704211415260946,24.415433883666992,24.890466812308272,0.47503292864128,23.50226593017578,22.796493307150456,-0.7057726230253252
316,24.890466812308272,22.796493307150456,24.56133270263672,25.035516972354436,0.47418426971771765,24.000823974609375,23.050677699850944,-0.9501462747584313
317,25.035516972354436,23.050677699850944,24.607254028320312,25.07824182068611,0.470987792365797,23.33385467529297,22.83975183730457,-0.49410283798840027
318,25.07824182068611,22.83975183730457,24.58429718017578,25.07912338886263,0.4948262086868489,23.174869537353516,22.79738519171204,-0.37748434564147715
319,25.07912338886263,22.79738519171204,24.49319648742676,25.014461143389955,0.5212646559631935,22.85989761352539,22.794961715134733,-0.06493589839065805
320,25.014461143389955,22.794961715134733,24.42962646484375,24.939422461808974,0.5097959969652237,23.037044525146484,22.867256406759868,-0.16978811838661656
321,24.939422461808974,22.867256406759868,24.337909698486328,24.855634369056027,0.5177246705696987,22.855113983154297,22.924191697637543,0.06907771448324596
322,24.855634369056027,22.924191697637543,24.247039794921875,24.750570334218047,0.5035305392961718,22.863012313842773,22.955516977826672,0.0925046639838989
323,24.750570334218047,22.955516977826672,24.1260986328125,24.64937053857029,0.5232719057577917,22.620037078857425,22.847772594015275,0.22773551515784973
324,24.64937053857029,22.847772594015275,24.019023895263672,24.52653542198456,0.5075115267208865,22.713685989379883,22.957381456817647,0.24369546743776382
325,24.52653542198456,22.957381456817647,23.896623611450195,24.398695963764613,0.5020723523144177,22.76648330688477,23.02784713141977,0.2613638245349996
326,24.398695963764613,23.02784713141977,23.781753540039062,24.26551947721888,0.4837659371798182,22.79912757873535,23.065092900396014,0.2659653216606621
327,24.26551947721888,23.065092900396014,23.673646926879883,24.138413770203304,0.4647668433234209,22.823884963989254,23.088239437705088,0.26435447371583365
328,24.138413770203304,23.088239437705088,23.62976837158203,24.078890155889418,0.4491217843073869,23.401477813720703,23.46037359605492,0.05889578233421844
329,24.078890155889418,23.46037359605492,23.60131072998047,24.01970267667278,0.41839194669231006,23.4185791015625,23.584843124532874,0.16626402297037401
330,24.01970267667278,23.584843124532874,23.563217163085938,23.956254394163764,0.39303723107782673,23.402748107910156,23.616740122586368,0.21399201467621154
331,23.956254394163764,23.616740122586368,23.515092849731445,23.88689227036125,0.37179942062980587,23.380359649658203,23.607903646840427,0.22754399718222373
332,23.88689227036125,23.607903646840427,23.434120178222656,23.776566011547715,0.3424458333250584,23.069854736328125,23.3752431098922,0.30538837356407456
333,23.776566011547715,23.3752431098922,23.332778930664062,23.659410096415545,0.32663116575148265,22.97612762451172,23.239876326716555,0.26374870220483615
334,23.659410096415545,23.239876326716555,23.231182098388672,23.54371851793986,0.3125364195511864,22.934375762939453,23.160447023910656,0.226071260971203
335,23.54371851793986,23.160447023910656,23.136011123657227,23.43455546726431,0.2985443436070838,22.915699005126953,23.11514139767335,0.1994423925463984
