group,seed,return,energy_kwh,violation_hours,temp_exceedance_degC_hr
full_method,0,-10.501575940166264,365.15643361598035,195.5,58.87513839866553
full_method,1,-10.50863368093415,358.8838952586449,226.0,60.363139021645004
full_method,2,-9.755463278558992,364.1550865057158,173.5,49.14949115729425
full_method,3,-10.318448764498246,362.68218955222875,189.0,56.983274737258924
full_method,4,-13.648459582851272,353.7058702355213,312.0,103.37815660790115
full_method,5,-13.86432906150353,353.3305016344171,337.0,106.33983156795416
full_method,6,-8.98282054224103,362.7679795715223,156.5,39.15583399176434
full_method,7,-10.00223450695378,369.76908324224956,182.0,51.192219372217245
full_method,8,-10.02865979926408,359.8663005799139,185.0,53.74517497242861
full_method,9,-10.498532755357994,357.07545869922336,202.5,60.630334804945555
